seller_id,seller_name,category,months_active,current_fulfilment,monthly_orders,aov_gbp,monthly_gmv_gbp,gross_margin,sku_count,seller_rating,avg_parcel_weight_kg,avg_parcel_volume_l,late_dispatch_rate_pct,cancellation_rate_pct,avg_delivery_days,return_rate_pct,eligible,fbt_fit_score,score_pain,score_scale,score_headroom,est_current_cost_per_order_gbp,est_fbt_cost_per_order_gbp,est_monthly_fulfilment_saving_gbp,projected_volume_uplift_pct,projected_monthly_gmv_gain_gbp,priority,rank
S0001,Nimbus & Co,Health Foods,20,Self-fulfilled,1664,20.63,34328.32,0.307,14,3.88,2.72,3.37,6.78,6.37,4.0,2.76,True,55.0,51.8,54.0,28.5,5.5,3.96,2562.56,19.5,6694.02,Warm,87
S0002,Loom Naturals,Household & Cleaning,3,3PL,295,9.33,2752.35,0.259,100,4.04,12.22,24.99,9.97,4.65,3.09,8.78,True,44.3,47.5,29.0,19.8,6.79,4.89,560.5,18.3,503.68,Watch,159
S0003,Kova Wellness,Personal Care,21,3PL,2760,21.12,58291.2,0.555,8,4.46,1.98,5.11,10.48,5.33,2.71,4.63,True,65.2,48.7,61.4,73.6,4.54,3.27,3505.2,18.6,10842.16,Warm,24
S0004,Orla Nutrition,Supplements & Vitamins,25,Self-fulfilled,1319,19.31,25469.89,0.632,23,4.2,0.55,1.37,16.08,3.15,3.27,7.15,True,67.3,56.0,50.7,87.6,5.02,3.61,1859.79,20.8,5297.74,Warm,18
S0005,Brisk Provisions,Beverages,5,3PL,624,20.78,12966.72,0.271,94,4.01,8.55,21.21,6.32,2.32,2.39,5.49,True,41.3,28.4,39.8,22.0,5.98,4.31,1042.08,12.5,1620.84,Watch,171
S0006,Bramble Drinks,Supplements & Vitamins,30,FBT-already,602,44.92,27041.84,0.577,14,4.58,1.32,1.87,0.73,1.8,1.72,4.08,True,0,11.5,39.3,77.6,3.59,2.58,608.02,7.4,2001.1,Low,
S0007,Marlow Wellness,Household & Cleaning,19,FBT-already,2144,12.44,26671.36,0.268,85,4.04,13.14,29.05,2.24,2.44,1.91,5.06,True,0,17.8,57.7,21.5,6.19,4.46,3709.12,9.3,2480.44,Low,
S0008,Grove Supply,Beverages,43,3PL,349,10.26,3580.74,0.333,70,4.79,7.99,10.84,5.31,5.93,3.74,2.92,True,47.1,45.9,31.4,33.3,5.86,4.22,572.36,17.8,637.37,Watch,143
S0009,Selkie Foods,Snacks & Confectionery,8,3PL,778,15.58,12121.24,0.469,24,3.94,3.09,5.54,3.72,3.7,3.55,2.61,True,51.4,34.1,43.0,58.0,4.78,3.44,1042.52,14.2,1721.22,Warm,119
S0010,Dusk Craft,Supplements & Vitamins,44,Self-fulfilled,2263,21.69,49084.47,0.466,5,4.36,0.5,0.75,4.35,6.23,2.96,8.24,True,58.2,40.6,58.5,57.5,5.01,3.61,3168.2,16.2,7951.68,Warm,63
S0011,Kova Wellness,Supplements & Vitamins,18,Self-fulfilled,700,36.42,25494.0,0.671,76,4.21,1.22,2.84,6.62,2.23,3.62,4.39,True,58.8,35.5,41.5,94.7,5.17,3.72,1015.0,14.7,3747.62,Warm,56
S0012,Bramble & Co,Personal Care,46,3PL,934,24.29,22686.86,0.576,16,3.92,0.64,1.17,5.93,2.39,2.4,8.39,True,54.0,27.9,45.7,77.5,4.24,3.05,1111.46,12.4,2813.17,Warm,95
S0013,Marram Provisions,Personal Care,38,Self-fulfilled,1225,9.31,11404.75,0.421,99,4.7,0.58,1.09,7.06,4.51,2.39,4.03,True,52.8,37.2,49.6,49.3,5.03,3.62,1727.25,15.2,1733.52,Warm,106
S0014,Loom Collective,Personal Care,32,Self-fulfilled,2267,25.45,57695.15,0.546,65,3.8,0.88,2.25,14.0,5.57,4.67,1.46,True,70.6,67.6,58.5,72.0,5.09,3.66,3241.81,24.3,14019.92,Hot,10
S0015,Reef Wellness,Household & Cleaning,36,Self-fulfilled,221,14.1,3116.1,0.262,18,4.82,4.9,6.15,4.56,6.43,4.07,3.53,True,43.3,47.8,24.8,20.4,5.98,4.31,369.07,18.3,570.25,Watch,162
S0016,Fenn Craft,Supplements & Vitamins,48,Self-fulfilled,484,34.01,16460.84,0.564,99,4.82,0.21,0.43,13.7,2.25,3.97,5.05,True,59.1,52.0,36.2,75.3,4.95,3.56,672.76,19.6,3226.32,Warm,50
S0017,Hale Collective,Snacks & Confectionery,7,FBT-already,578,17.84,10311.52,0.421,81,4.88,2.88,5.59,2.1,1.52,2.12,1.83,True,0,15.6,38.7,49.3,3.93,2.83,635.8,8.7,897.1,Low,
S0018,Loom Foods,Snacks & Confectionery,9,3PL,350,9.74,3409.0,0.349,90,4.42,1.14,2.15,11.01,5.23,2.02,4.39,True,47.6,45.6,31.5,36.2,4.35,3.13,427.0,17.7,603.39,Watch,140
S0019,Pure & Co,Supplements & Vitamins,24,3PL,979,36.98,36203.42,0.588,57,4.33,0.35,0.88,8.76,1.75,1.89,3.95,True,54.9,28.7,46.4,79.6,4.18,3.01,1145.43,12.6,4561.63,Warm,89
S0020,Vale Kitchen,Household & Cleaning,11,Self-fulfilled,368,14.0,5152.0,0.284,74,4.75,3.73,5.28,20.67,7.98,5.42,7.49,True,62.2,93.4,32.2,24.4,5.72,4.12,588.8,30,1545.6,Warm,36
S0021,Bright Labs,Personal Care,24,3PL,486,24.44,11877.84,0.455,23,4.62,0.45,1.09,10.52,2.11,3.76,4.68,True,52.3,43.9,36.2,55.5,4.2,3.02,573.48,17.2,2042.99,Warm,110
S0022,Marram Provisions,Supplements & Vitamins,17,Self-fulfilled,1108,22.64,25085.12,0.467,101,3.96,1.03,1.81,21.64,5.52,5.3,1.92,True,71.3,86.6,48.2,57.6,5.13,3.69,1595.52,30.0,7525.54,Hot,7
S0023,Orla Drinks,Supplements & Vitamins,19,Self-fulfilled,923,38.38,35424.74,0.559,68,3.75,1.37,2.01,3.84,4.77,3.92,7.45,True,57.5,40.0,45.5,74.4,5.2,3.74,1347.58,16.0,5667.96,Warm,68
S0024,Bramble Home,Health Foods,45,Self-fulfilled,92,26.57,2444.44,0.437,87,4.7,3.71,6.01,8.88,4.56,3.53,3.37,True,45.7,47.4,12.1,52.2,5.72,4.12,147.2,18.2,444.89,Watch,151
S0025,Fenn Kitchen,Snacks & Confectionery,45,FBT-already,948,14.12,13385.76,0.28,39,3.87,2.81,5.76,1.17,1.27,1.81,5.09,True,0,11.1,45.9,23.6,3.92,2.82,1042.8,7.3,977.16,Low,
S0026,Orla Craft,Health Foods,8,Self-fulfilled,1428,11.68,16679.04,0.509,33,4.47,1.43,2.11,3.46,3.34,3.77,7.8,True,55.4,33.6,51.8,65.3,5.21,3.75,2084.88,14.1,2351.74,Warm,85
S0027,Marlow Kitchen,Beverages,43,3PL,1270,13.6,17272.0,0.204,91,3.61,9.51,12.83,5.96,1.88,4.1,5.14,True,44.5,35.7,50.1,9.8,6.19,4.46,2197.1,14.7,2538.98,Watch,157
S0028,Piper Botanics,Beverages,10,Self-fulfilled,2980,21.83,65053.4,0.275,99,4.76,8.13,15.5,18.78,5.61,5.16,6.95,True,66.4,80.2,62.5,22.7,6.69,4.82,5572.6,28.1,18280.01,Warm,19
S0029,Marlow Supply,Personal Care,18,3PL,156,19.18,2992.08,0.453,59,3.7,0.86,1.36,4.86,3.7,2.13,2.85,True,41.9,28.6,19.8,55.1,4.29,3.09,187.2,12.6,377.0,Watch,168
S0030,Vale Home,Health Foods,16,Self-fulfilled,538,17.48,9404.24,0.346,56,4.11,3.94,9.95,3.37,8.1,4.1,4.82,True,51.3,51.1,37.7,35.6,5.77,4.15,871.56,19.3,1815.02,Warm,121
S0031,Wilder Naturals,Supplements & Vitamins,27,FBT-already,2452,37.17,91140.84,0.587,80,4.77,0.83,1.31,1.61,1.16,1.8,7.39,True,0,11.6,59.7,79.5,3.48,2.51,2378.44,7.5,6835.56,Low,
S0032,Orla Provisions,Health Foods,32,FBT-already,3427,21.93,75154.11,0.318,57,3.78,2.52,3.2,1.32,0.77,1.39,7.09,True,0,7.4,64.5,30.5,3.85,2.77,3701.16,6.2,4659.55,Low,
S0033,Loom Naturals,Personal Care,29,Self-fulfilled,379,25.41,9630.39,0.543,99,3.64,0.77,1.83,14.81,3.29,3.76,1.92,True,58.9,56.6,32.6,71.5,5.07,3.65,538.18,21.0,2022.38,Warm,54
S0034,Marlow Home,Snacks & Confectionery,19,3PL,199,16.72,3327.28,0.303,107,3.81,1.3,2.61,11.25,3.88,3.98,4.0,True,45.9,52.5,23.3,27.8,4.39,3.16,244.77,19.8,658.8,Watch,148
S0035,Fenn Foods,Health Foods,40,3PL,914,23.9,21844.6,0.487,79,4.65,4.06,8.09,1.93,3.66,3.39,1.55,True,51.2,29.4,45.4,61.3,4.99,3.59,1279.6,12.8,2796.11,Warm,122
S0036,Nova & Co,Health Foods,29,3PL,2495,22.73,56711.35,0.396,96,4.28,3.39,6.99,11.16,4.87,2.92,7.61,True,59.3,49.7,59.9,44.7,4.85,3.49,3393.2,18.9,10718.45,Warm,47
S0037,Loom Nutrition,Household & Cleaning,18,3PL,351,13.32,4675.32,0.288,6,4.24,3.14,5.33,4.21,2.4,3.23,8.04,True,39.6,29.0,31.5,25.1,4.79,3.45,470.34,12.7,593.77,Watch,175
S0038,Bright Wellness,Household & Cleaning,15,Self-fulfilled,1428,15.1,21562.8,0.344,85,4.53,23.47,41.45,7.62,6.48,3.42,5.43,False,19.4,50.6,51.8,35.3,10.06,7.24,4026.96,19.2,4140.06,Low,187
S0039,Clove Home,Supplements & Vitamins,38,Self-fulfilled,1129,21.79,24600.91,0.48,27,4.01,1.17,2.96,16.11,2.94,4.64,3.21,True,63.6,63.0,48.4,60.0,5.16,3.72,1625.76,22.9,5633.61,Warm,27
S0040,Quill Wellness,Household & Cleaning,41,Self-fulfilled,341,8.73,2976.93,0.252,4,4.52,8.11,13.05,20.94,6.28,4.68,1.82,True,57.5,84.2,31.1,18.5,6.68,4.81,637.67,29.3,872.24,Warm,69
S0041,Selkie Supply,Beverages,33,Self-fulfilled,713,17.61,12555.93,0.204,106,4.33,5.04,6.88,17.52,6.05,4.81,2.81,True,56.5,77.2,41.8,9.8,6.01,4.33,1197.84,27.2,3415.21,Warm,75
S0042,Dusk Goods,Household & Cleaning,31,Self-fulfilled,933,12.82,11961.06,0.231,97,3.73,6.29,9.88,4.54,3.3,4.02,2.25,True,44.6,37.1,45.7,14.7,6.28,4.52,1642.08,15.1,1806.12,Watch,156
S0043,Marlow Home,Personal Care,41,Self-fulfilled,266,14.94,3974.04,0.589,12,4.49,2.32,5.34,14.88,6.46,5.28,4.4,True,65.7,75.7,27.5,79.8,5.41,3.9,401.66,26.7,1061.07,Warm,21
S0044,Brisk Craft,Household & Cleaning,12,FBT-already,348,14.99,5216.52,0.322,39,4.17,4.17,7.35,1.04,1.49,1.53,5.78,True,0,10.0,31.4,31.3,4.22,3.04,410.64,7.0,365.16,Low,
S0045,Bramble Nutrition,Personal Care,41,Self-fulfilled,2492,28.97,72193.24,0.62,89,4.67,1.53,3.47,6.33,5.39,3.66,3.23,True,66.0,45.7,59.9,85.5,5.24,3.77,3663.24,17.7,12778.2,Warm,20
S0046,Clove Craft,Household & Cleaning,34,FBT-already,679,9.85,6688.15,0.239,23,4.03,5.79,14.61,2.5,1.51,1.55,3.52,True,0,13.2,41.1,16.2,4.57,3.29,869.12,8.0,535.05,Low,
S0047,Nimbus Naturals,Supplements & Vitamins,28,FBT-already,2121,15.68,33257.28,0.58,82,4.58,1.01,2.29,0.85,1.51,2.11,4.5,True,0,12.9,57.6,78.2,3.52,2.53,2099.79,7.9,2627.33,Low,
S0048,Reef Foods,Health Foods,4,FBT-already,916,12.85,11770.6,0.421,73,4.13,1.43,3.4,0.61,2.38,1.78,2.23,True,0,13.5,45.4,49.3,3.61,2.6,925.16,8.1,953.42,Low,
S0049,Wilder Wellness,Health Foods,48,Self-fulfilled,304,16.9,5137.6,0.503,68,4.57,1.03,1.34,17.68,7.91,3.32,7.3,True,63.1,75.4,29.4,64.2,5.13,3.69,437.76,26.6,1366.6,Warm,32
S0050,Bright Supply,Supplements & Vitamins,22,3PL,1056,40.82,43105.92,0.562,64,4.05,0.92,1.8,6.28,2.61,2.25,6.58,True,54.2,28.5,47.5,74.9,4.3,3.1,1267.2,12.5,5388.24,Warm,93
S0051,Dusk Botanics,Household & Cleaning,29,Self-fulfilled,2648,15.74,41679.52,0.289,87,4.63,48.54,66.83,21.34,3.99,2.53,7.76,False,21.4,65.5,60.8,25.3,15.58,11.22,11545.28,23.6,9836.37,Low,181
S0052,Ember Collective,Beverages,32,Self-fulfilled,1327,16.73,22200.71,0.244,13,4.71,10.52,18.22,9.02,6.89,4.71,7.98,True,55.4,62.0,50.8,17.1,7.21,5.19,2680.54,22.6,5017.36,Warm,86
S0053,Frost Foods,Beverages,18,3PL,1441,9.38,13516.58,0.281,114,3.73,3.66,4.54,4.91,1.28,2.66,4.45,True,43.6,23.5,52.0,23.8,4.91,3.54,1974.17,11.1,1500.34,Watch,160
S0054,Ember Kitchen,Snacks & Confectionery,39,3PL,403,14.92,6012.76,0.357,90,3.91,3.22,4.51,6.34,2.27,2.41,1.08,True,42.5,28.4,33.5,37.6,4.81,3.46,544.05,12.5,751.6,Watch,165
S0055,Wilder Craft,Personal Care,37,Self-fulfilled,640,21.34,13657.6,0.541,57,4.5,1.25,2.03,21.99,7.9,2.55,4.05,True,69.3,79.9,40.2,71.1,5.18,3.73,928.0,28.0,3824.13,Warm,11
S0056,Selkie Supply,Supplements & Vitamins,47,Self-fulfilled,329,35.26,11600.54,0.636,9,4.78,1.17,2.77,20.16,7.32,2.96,7.42,True,68.6,76.5,30.6,88.4,5.16,3.72,473.76,27.0,3132.15,Warm,13
S0057,Grove Botanics,Snacks & Confectionery,42,Self-fulfilled,4011,15.85,63574.35,0.307,15,4.77,2.37,3.87,11.38,5.85,4.62,1.72,True,62.8,62.9,66.8,28.5,5.42,3.9,6096.72,22.9,14558.53,Warm,34
S0058,Nova Home,Supplements & Vitamins,29,Self-fulfilled,214,44.12,9441.68,0.583,119,3.95,0.41,1.02,20.94,8.76,3.17,7.96,True,67.5,84.1,24.3,78.7,4.99,3.59,299.6,29.2,2756.97,Warm,16
S0059,Marlow Foods,Beverages,12,3PL,198,17.44,3453.12,0.244,111,4.65,5.66,6.9,7.13,3.27,3.41,6.38,True,39.0,38.9,23.2,17.1,5.35,3.85,297.0,15.7,542.14,Watch,177
S0060,Dusk Provisions,Household & Cleaning,43,FBT-already,333,6.3,2097.9,0.379,74,4.03,5.19,10.84,1.55,1.84,1.78,1.93,True,0,13.6,30.7,41.6,4.44,3.2,412.92,8.1,169.93,Low,
S0061,Pure Supply,Beverages,34,Self-fulfilled,303,13.44,4072.32,0.239,98,4.51,7.4,16.41,19.82,6.41,4.95,5.93,True,56.4,83.9,29.4,16.2,6.53,4.7,554.49,29.2,1189.12,Warm,78
S0062,Pure Home,Supplements & Vitamins,26,Self-fulfilled,657,25.24,16582.68,0.695,50,4.31,1.47,2.5,10.56,2.92,2.6,7.78,True,61.1,40.2,40.6,99.1,5.22,3.76,959.22,16.1,2669.81,Warm,40
S0063,Kova Craft,Personal Care,16,3PL,856,25.52,21845.12,0.454,19,4.62,0.67,1.58,7.32,3.93,3.75,2.86,True,54.6,43.4,44.4,55.3,4.25,3.06,1018.64,17.0,3713.67,Warm,92
S0064,Marram Collective,Snacks & Confectionery,41,Self-fulfilled,1403,8.69,12192.07,0.33,25,3.74,3.07,4.25,9.81,7.41,4.14,1.13,True,58.8,62.2,51.6,32.7,5.58,4.02,2188.68,22.7,2767.6,Warm,57
S0065,Pure Labs,Supplements & Vitamins,29,3PL,1516,38.12,57789.92,0.578,16,4.19,0.49,1.01,9.14,5.54,3.38,3.41,True,64.0,50.4,52.7,77.8,4.21,3.03,1788.88,19.1,11037.87,Warm,26
S0066,Bright & Co,Health Foods,33,3PL,647,22.82,14764.54,0.398,118,3.71,3.2,4.13,4.39,4.17,3.12,3.6,True,48.3,34.7,40.4,45.1,4.8,3.46,866.98,14.4,2126.09,Watch,136
S0067,Ember Supply,Household & Cleaning,32,3PL,436,7.37,3213.32,0.338,115,4.6,5.99,10.97,3.9,2.69,2.89,4.33,True,41.8,27.4,34.6,34.2,5.42,3.9,662.72,12.2,392.03,Watch,169
S0068,Nova Kitchen,Beverages,23,3PL,584,20.92,12217.28,0.191,109,3.71,6.32,10.88,2.87,1.3,4.1,5.49,True,37.8,27.4,38.9,7.5,5.49,3.95,899.36,12.2,1490.51,Watch,179
S0069,Nimbus Kitchen,Health Foods,25,FBT-already,2392,26.49,63364.08,0.311,39,4.38,2.02,4.06,0.87,1.74,1.27,1.87,True,0,9.1,59.3,29.3,3.74,2.69,2511.6,6.7,4245.39,Low,
S0070,Hale Foods,Household & Cleaning,20,3PL,1200,6.32,7584.0,0.387,109,4.5,1.01,2.29,11.18,2.76,2.24,2.15,True,52.0,39.0,49.3,43.1,4.32,3.11,1452.0,15.7,1190.69,Warm,114
S0071,Dusk Foods,Health Foods,12,3PL,792,18.17,14390.64,0.335,42,4.54,3.97,7.92,2.39,1.26,2.18,5.94,True,40.2,15.6,43.3,33.6,4.97,3.58,1100.88,8.7,1251.99,Watch,173
S0072,Kova Supply,Health Foods,31,3PL,706,14.92,10533.52,0.466,17,4.05,0.91,1.96,7.73,3.63,2.54,2.76,True,51.7,36.5,41.6,57.5,4.3,3.1,847.2,14.9,1569.49,Warm,116
S0073,Pure & Co,Household & Cleaning,16,Self-fulfilled,438,9.07,3972.66,0.279,3,4.25,26.9,40.95,13.62,6.51,3.37,4.18,False,18.2,62.7,34.7,23.5,10.82,7.79,1327.14,22.8,905.77,Low,189
S0074,Pure Kitchen,Health Foods,4,Self-fulfilled,284,17.73,5035.32,0.389,84,4.14,0.93,1.14,9.17,7.51,4.24,7.66,True,53.9,61.8,28.4,43.5,5.1,3.67,406.12,22.5,1132.95,Warm,96
S0075,Kova Kitchen,Supplements & Vitamins,9,Self-fulfilled,980,26.27,25744.6,0.528,46,3.89,1.21,1.58,15.03,5.48,2.84,7.21,True,63.4,59.2,46.4,68.7,5.17,3.72,1421.0,21.8,5612.32,Warm,28
S0076,Bramble Provisions,Supplements & Vitamins,44,3PL,456,20.12,9174.72,0.601,100,4.59,0.3,0.76,8.09,3.32,3.15,5.64,True,55.8,39.6,35.3,82.0,4.17,3.0,533.52,15.9,1458.78,Warm,82
S0077,Selkie Craft,Health Foods,43,FBT-already,442,18.44,8150.48,0.439,104,3.96,0.66,1.26,1.14,1.29,1.07,7.65,True,0,7.0,34.8,52.5,3.45,2.48,428.74,6.1,497.18,Low,
S0078,Grove Provisions,Beverages,8,3PL,750,15.76,11820.0,0.307,117,3.65,11.09,16.23,7.85,3.51,4.1,4.6,True,49.2,45.0,42.5,28.5,6.54,4.71,1372.5,17.5,2068.5,Watch,131
S0079,Halcyon Foods,Supplements & Vitamins,35,3PL,959,42.46,40719.14,0.547,102,4.04,0.98,2.26,8.3,1.33,2.03,6.43,True,52.8,27.1,46.1,72.2,4.32,3.11,1160.39,12.1,4927.02,Warm,107
S0080,Loom Home,Supplements & Vitamins,45,FBT-already,885,16.53,14629.05,0.616,120,4.05,1.46,3.18,1.36,1.61,2.13,3.48,True,0,14.4,44.9,84.7,3.62,2.61,893.85,8.3,1214.21,Low,
S0081,Grove Naturals,Personal Care,24,3PL,3413,24.51,83652.63,0.551,70,3.72,1.74,3.33,1.69,2.54,4.08,3.73,True,59.1,29.0,64.4,72.9,4.48,3.23,4266.25,12.7,10623.88,Warm,51
S0082,Fenn Botanics,Personal Care,11,Self-fulfilled,165,19.66,3243.9,0.519,97,4.75,0.29,0.48,17.56,2.48,3.44,2.3,True,54.8,57.7,20.6,67.1,4.96,3.57,229.35,21.3,690.95,Warm,91
S0083,Quill Drinks,Health Foods,13,3PL,242,22.95,5553.9,0.513,81,3.97,3.84,7.02,7.11,2.55,3.74,4.75,True,49.4,38.3,26.1,66.0,4.94,3.56,333.96,15.5,860.85,Watch,129
S0084,Hale Craft,Snacks & Confectionery,39,FBT-already,676,11.96,8084.96,0.385,23,4.66,2.86,3.99,0.98,1.71,2.05,5.44,True,0,13.5,41.0,42.7,3.93,2.83,743.6,8.1,654.88,Low,
S0085,Halcyon Provisions,Beverages,36,FBT-already,181,11.82,2139.42,0.325,21,4.68,2.92,6.84,2.69,2.35,1.5,4.17,True,0,16.1,21.9,31.8,3.94,2.84,199.1,8.8,188.27,Low,
S0086,Brisk Kitchen,Supplements & Vitamins,8,Self-fulfilled,3281,38.53,126416.93,0.484,39,4.79,0.81,1.91,17.42,5.02,4.23,8.25,True,70.9,70.3,63.9,60.7,5.08,3.66,4659.02,25.1,31730.65,Hot,9
S0087,Loom Botanics,Beverages,12,3PL,1545,9.56,14770.2,0.226,41,3.76,4.38,9.08,2.16,5.18,3.0,5.29,True,45.1,32.8,53.0,13.8,5.06,3.64,2193.9,13.8,2038.29,Watch,155
S0088,Ember Drinks,Health Foods,18,3PL,432,13.37,5775.84,0.447,70,4.87,0.71,1.37,6.83,5.94,3.13,4.12,True,52.1,45.6,34.5,54.0,4.26,3.07,514.08,17.7,1022.32,Warm,113
S0089,Pure Craft,Personal Care,27,FBT-already,1450,24.39,35365.5,0.538,101,4.36,1.94,2.69,1.25,1.04,1.77,7.64,True,0,10.3,52.0,70.5,3.73,2.69,1508.0,7.1,2510.95,Low,
S0090,Marlow Home,Health Foods,33,3PL,1613,15.28,24646.64,0.31,28,4.75,1.85,3.02,5.68,5.08,2.94,1.29,True,50.7,39.3,53.6,29.1,4.51,3.25,2032.38,15.8,3894.17,Warm,124
S0091,Fenn Supply,Health Foods,25,FBT-already,128,17.87,2287.36,0.388,59,4.76,2.18,5.59,1.64,1.39,2.11,5.15,True,0,14.2,16.9,43.3,3.78,2.72,135.68,8.2,187.56,Low,
S0092,Bramble Kitchen,Beverages,8,Self-fulfilled,515,12.59,6483.85,0.227,60,4.38,6.26,10.59,3.8,8.03,3.36,8.99,True,45.6,47.7,37.1,14.0,6.28,4.52,906.4,18.3,1186.54,Watch,152
S0093,Grove Naturals,Supplements & Vitamins,6,Self-fulfilled,1026,38.83,39839.58,0.62,6,3.79,0.99,2.27,3.66,2.0,4.77,3.93,True,58.5,35.1,47.0,85.5,5.12,3.69,1467.18,14.5,5776.74,Warm,60
S0094,Selkie & Co,Personal Care,41,Self-fulfilled,650,18.32,11908.0,0.417,20,4.29,1.12,2.36,7.74,2.35,4.63,4.99,True,52.2,43.8,40.4,48.5,5.15,3.71,936.0,17.1,2036.27,Warm,111
S0095,Piper Foods,Personal Care,19,3PL,1097,21.85,23969.45,0.553,65,3.86,0.51,0.66,3.31,4.57,4.19,7.48,True,58.0,39.7,48.0,73.3,4.21,3.03,1294.46,15.9,3811.14,Warm,65
S0096,Tally Nutrition,Supplements & Vitamins,48,Self-fulfilled,1338,40.39,54041.82,0.628,92,4.43,1.23,2.35,5.31,3.01,2.66,7.32,True,58.2,30.1,50.9,86.9,5.17,3.72,1940.1,13.0,7025.44,Warm,64
S0097,Hale Wellness,Beverages,39,Self-fulfilled,2091,16.57,34647.87,0.194,42,4.12,9.17,16.28,10.78,5.81,2.61,3.54,True,51.4,50.4,57.3,8.0,6.92,4.98,4056.54,19.1,6617.74,Warm,120
S0098,Marlow Goods,Beverages,46,3PL,890,18.75,16687.5,0.201,67,4.78,13.23,18.93,4.89,4.55,2.63,8.53,True,42.3,34.2,45.0,9.3,7.01,5.05,1744.4,14.3,2386.31,Watch,167
S0099,Kova Supply,Supplements & Vitamins,15,3PL,804,23.39,18805.56,0.583,67,4.43,0.97,1.95,3.3,4.12,3.96,3.7,True,56.7,36.9,43.5,78.7,4.31,3.1,972.84,15.1,2839.64,Warm,74
S0100,Pure Provisions,Household & Cleaning,4,Self-fulfilled,463,12.87,5958.81,0.331,6,4.25,5.32,13.51,12.18,7.54,4.46,3.38,True,56.5,69.3,35.5,32.9,6.07,4.37,787.1,24.8,1477.78,Warm,76
S0101,Halcyon & Co,Beverages,13,Self-fulfilled,712,16.49,11740.88,0.23,94,4.02,11.88,20.89,17.45,5.36,2.55,2.93,True,52.2,62.2,41.7,14.5,7.51,5.41,1495.2,22.7,2665.18,Warm,112
S0102,Loom Goods,Beverages,18,Self-fulfilled,1931,21.48,41477.88,0.324,107,4.03,7.78,17.65,12.47,5.36,3.85,3.47,True,58.9,59.2,56.2,31.6,6.61,4.76,3572.35,21.8,9042.18,Warm,55
S0103,Kova Kitchen,Beverages,35,Self-fulfilled,281,8.68,2439.08,0.225,79,4.75,8.54,16.66,19.1,4.73,5.11,6.82,True,53.4,77.7,28.3,13.6,6.78,4.88,533.9,27.3,665.87,Warm,98
S0104,Hale & Co,Personal Care,28,Self-fulfilled,853,15.06,12846.18,0.485,60,4.59,0.84,2.17,15.93,2.39,5.42,4.15,True,63.3,65.1,44.4,60.9,5.08,3.66,1211.26,23.5,3018.85,Warm,30
S0105,Piper Nutrition,Supplements & Vitamins,12,Self-fulfilled,756,15.4,11642.4,0.484,45,4.65,0.88,1.24,19.97,2.55,5.27,3.55,True,65.5,73.1,42.6,60.7,5.09,3.66,1081.08,25.9,3015.38,Warm,22
S0106,Frost Home,Personal Care,22,3PL,752,19.29,14506.08,0.524,63,4.66,1.05,2.25,11.79,3.92,3.71,6.8,True,59.6,52.2,42.5,68.0,4.33,3.12,909.92,19.7,2857.7,Warm,45
S0107,Grove & Co,Health Foods,41,Self-fulfilled,2017,22.99,46370.83,0.428,24,4.28,3.72,8.5,10.22,7.66,3.0,5.58,True,62.3,57.5,56.8,50.5,5.72,4.12,3227.2,21.3,9876.99,Warm,35
S0108,Nimbus Botanics,Health Foods,4,Self-fulfilled,593,13.67,8106.31,0.41,81,4.8,4.41,9.84,4.18,2.54,2.88,3.6,True,45.8,27.5,39.1,47.3,5.87,4.23,972.52,12.2,988.97,Watch,149
S0109,Reef Wellness,Health Foods,27,Self-fulfilled,504,23.9,12045.6,0.459,85,4.64,1.62,3.04,21.19,3.59,3.19,8.53,True,60.9,67.5,36.7,56.2,5.26,3.79,740.88,24.2,2915.04,Warm,41
S0110,Quill Supply,Supplements & Vitamins,48,Self-fulfilled,1168,24.81,28978.08,0.683,104,4.54,0.57,1.14,13.32,8.22,3.5,3.76,True,73.0,68.5,48.9,96.9,5.03,3.62,1646.88,24.6,7128.61,Hot,4
S0111,Wilder & Co,Snacks & Confectionery,21,FBT-already,1906,9.78,18640.68,0.446,37,4.81,2.53,3.52,1.96,1.59,1.29,6.36,True,0,10.9,56.0,53.8,3.86,2.78,2058.48,7.3,1360.77,Low,
S0112,Brisk Craft,Household & Cleaning,17,Self-fulfilled,457,7.21,3294.97,0.359,3,4.85,58.31,141.86,12.04,6.38,4.69,3.3,False,19.8,66.4,35.3,38.0,17.73,12.77,2266.72,23.9,787.5,Low,186
S0113,Grove & Co,Supplements & Vitamins,8,3PL,151,40.36,6094.36,0.459,120,3.83,1.35,1.95,11.16,5.99,2.75,4.96,True,50.4,52.5,19.3,56.2,4.4,3.17,185.73,19.8,1206.68,Warm,126
S0114,Wilder Collective,Health Foods,5,Self-fulfilled,826,27.69,22871.94,0.363,85,4.31,2.67,6.71,19.17,5.01,2.84,1.9,True,59.1,66.1,43.9,38.7,5.49,3.95,1272.04,23.8,5443.52,Warm,52
S0115,Bramble Goods,Snacks & Confectionery,44,Self-fulfilled,116,17.28,2004.48,0.394,99,3.85,2.26,4.73,10.7,4.71,3.28,4.21,True,46.1,50.3,15.5,44.4,5.4,3.89,175.16,19.1,382.86,Watch,146
S0116,Orla Labs,Beverages,33,Self-fulfilled,434,11.3,4904.2,0.301,45,3.99,68.69,149.05,4.18,2.39,3.21,4.24,False,14.3,28.8,34.6,27.5,20.01,14.41,2430.4,12.6,617.93,Low,191
S0117,Halcyon Naturals,Household & Cleaning,22,3PL,565,17.49,9881.85,0.306,61,4.57,5.16,10.16,6.44,3.69,3.39,2.75,True,45.8,38.8,38.4,28.4,5.24,3.77,830.55,15.6,1541.57,Watch,150
S0118,Tally Naturals,Snacks & Confectionery,41,FBT-already,228,16.15,3682.2,0.296,75,3.75,2.95,7.27,0.85,1.48,1.2,7.84,True,0,7.8,25.3,26.5,3.95,2.84,253.08,6.3,231.98,Low,
S0119,Nimbus Craft,Personal Care,16,3PL,619,18.36,11364.84,0.412,19,4.27,1.25,1.6,6.35,5.03,3.54,4.17,True,51.8,43.9,39.7,47.6,4.38,3.15,761.37,17.2,1954.75,Warm,115
S0120,Bramble Botanics,Beverages,40,Self-fulfilled,496,15.58,7727.68,0.19,117,3.69,71.89,163.66,17.55,8.84,4.33,4.36,False,19.9,83.9,36.5,7.3,20.72,14.92,2876.8,29.2,2256.48,Low,185
S0121,Marlow Provisions,Personal Care,27,Self-fulfilled,1692,20.33,34398.36,0.544,47,3.75,2.48,4.34,5.42,8.84,4.95,7.05,True,67.5,62.5,54.3,71.6,5.45,3.92,2588.76,22.7,7808.43,Warm,17
S0122,Marlow Craft,Supplements & Vitamins,37,Self-fulfilled,577,28.28,16317.56,0.489,27,4.82,1.14,1.55,18.38,4.64,4.73,8.07,True,64.8,73.8,38.7,61.6,5.15,3.71,830.88,26.1,4258.88,Warm,25
S0123,Brisk Botanics,Beverages,7,Self-fulfilled,1022,18.37,18774.14,0.244,32,4.3,9.54,13.32,21.88,3.26,5.22,5.61,True,60.2,79.1,47.0,17.1,7.0,5.04,2003.12,27.7,5200.44,Warm,43
S0124,Frost Naturals,Household & Cleaning,46,3PL,611,12.68,7747.48,0.327,97,4.79,5.31,10.06,11.71,5.71,3.41,7.29,True,53.0,56.4,39.5,32.2,5.27,3.79,904.28,20.9,1619.22,Warm,102
S0125,Halcyon Kitchen,Supplements & Vitamins,29,Self-fulfilled,338,28.68,9693.84,0.662,41,4.71,0.39,0.72,4.09,4.6,3.57,5.24,True,56.2,38.0,31.0,93.1,4.99,3.59,473.2,15.4,1492.85,Warm,80
S0126,Brisk Supply,Personal Care,16,Self-fulfilled,225,16.79,3777.75,0.518,109,3.85,0.82,1.76,14.46,8.05,2.82,7.09,True,59.2,66.5,25.1,66.9,5.08,3.66,319.5,24.0,906.66,Warm,49
S0127,Tally Wellness,Health Foods,16,Self-fulfilled,1728,27.23,47053.44,0.303,27,4.85,0.94,2.44,12.1,3.32,4.19,2.64,True,55.7,53.5,54.6,27.8,5.11,3.68,2471.04,20.1,9457.74,Warm,83
S0128,Piper Nutrition,Snacks & Confectionery,21,Self-fulfilled,797,10.4,8288.8,0.383,66,4.21,2.87,6.35,17.47,3.9,2.87,3.5,True,57.2,59.1,43.4,42.4,5.53,3.98,1235.35,21.7,1798.67,Warm,73
S0129,Selkie Provisions,Beverages,17,3PL,1168,12.13,14167.84,0.211,32,4.09,10.33,21.86,8.69,2.29,3.77,8.73,True,46.2,40.8,48.9,11.1,6.37,4.59,2079.04,16.2,2295.19,Watch,145
S0130,Bramble Goods,Health Foods,32,Self-fulfilled,1271,22.97,29194.87,0.407,120,4.76,4.96,12.6,12.95,7.79,2.45,7.54,True,60.6,60.5,50.1,46.7,5.99,4.31,2135.28,22.2,6481.26,Warm,42
S0131,Quill & Co,Beverages,29,Self-fulfilled,912,10.11,9220.32,0.215,61,4.09,8.18,16.88,12.18,5.16,2.22,5.41,True,48.1,48.9,45.3,11.8,6.7,4.82,1714.56,18.7,1724.2,Watch,137
S0132,Bright Wellness,Beverages,20,3PL,379,17.77,6734.83,0.249,119,3.83,11.18,17.19,8.01,2.26,2.65,7.36,True,40.0,33.1,32.6,18.0,6.56,4.72,697.36,13.9,936.14,Watch,174
S0133,Hale Kitchen,Beverages,32,3PL,4759,17.15,81616.85,0.317,100,3.64,6.05,11.29,8.19,4.51,2.0,7.76,True,54.9,37.3,69.3,30.4,5.43,3.91,7233.68,15.2,12405.76,Warm,90
S0134,Marram Nutrition,Health Foods,39,FBT-already,1703,26.22,44652.66,0.452,75,4.22,0.61,0.8,2.8,2.28,1.68,1.26,True,0,17.1,54.4,54.9,3.43,2.47,1634.88,9.1,4063.39,Low,
S0135,Bright Botanics,Supplements & Vitamins,40,Self-fulfilled,1891,31.48,59528.68,0.592,111,4.11,1.37,2.28,17.36,2.55,5.46,6.79,True,71.9,68.8,55.9,80.4,5.2,3.74,2760.86,24.6,14644.06,Hot,5
S0136,Bramble Nutrition,Household & Cleaning,6,Self-fulfilled,469,13.26,6218.94,0.33,79,4.12,36.5,94.52,12.32,4.17,5.31,4.45,False,19.0,63.0,35.7,32.7,12.93,9.31,1697.78,22.9,1424.14,Low,188
S0137,Selkie Craft,Health Foods,27,Self-fulfilled,1820,22.84,41568.8,0.318,22,4.09,4.01,5.68,10.4,4.21,2.5,8.54,True,53.0,43.6,55.3,30.5,5.78,4.16,2948.4,17.1,7108.26,Warm,103
S0138,Hale Naturals,Personal Care,20,Self-fulfilled,239,20.7,4947.3,0.513,16,3.63,1.01,1.34,14.36,3.93,3.47,3.33,True,55.7,56.2,25.9,66.0,5.12,3.69,341.77,20.9,1033.99,Warm,84
S0139,Quill Foods,Personal Care,38,FBT-already,322,11.92,3838.24,0.466,66,3.79,0.58,0.92,1.11,2.02,1.43,8.55,True,0,11.4,30.3,57.5,3.43,2.47,309.12,7.4,284.03,Low,
S0140,Grove Goods,Health Foods,41,3PL,681,10.12,6891.72,0.387,110,4.41,4.1,6.81,5.01,5.08,3.86,8.79,True,51.0,43.1,41.1,43.1,5.0,3.6,953.4,16.9,1164.7,Warm,123
S0141,Wilder Nutrition,Snacks & Confectionery,41,FBT-already,374,19.54,7307.96,0.474,40,4.56,2.33,5.95,2.41,1.02,1.34,7.29,True,0,10.2,32.4,58.9,3.81,2.74,400.18,7.1,518.87,Low,
S0142,Nimbus Collective,Supplements & Vitamins,39,Self-fulfilled,80,39.77,3181.6,0.467,111,4.63,0.73,1.39,15.03,3.32,4.37,6.72,True,50.7,60.5,10.1,57.6,5.06,3.64,113.6,22.2,706.32,Warm,125
S0143,Kova Goods,Personal Care,41,Self-fulfilled,538,28.33,15241.54,0.552,72,3.65,2.43,5.3,18.43,5.95,5.22,1.87,True,69.3,81.0,37.7,73.1,5.43,3.91,817.76,28.3,4313.36,Warm,12
S0144,Tally Craft,Snacks & Confectionery,25,Self-fulfilled,1094,15.39,16836.66,0.409,99,4.03,2.85,3.84,4.87,3.17,4.66,5.46,True,53.1,40.9,48.0,47.1,5.53,3.98,1695.7,16.3,2744.38,Warm,100
S0145,Selkie Botanics,Health Foods,31,Self-fulfilled,615,22.43,13794.45,0.333,6,4.23,1.76,4.38,4.63,7.73,4.61,3.79,True,52.9,55.3,39.6,33.3,5.29,3.81,910.2,20.6,2841.66,Warm,104
S0146,Marlow Naturals,Supplements & Vitamins,16,3PL,567,36.38,20627.46,0.563,11,3.99,1.25,1.7,10.42,4.24,3.43,2.31,True,58.7,48.9,38.5,75.1,4.38,3.15,697.41,18.7,3857.34,Warm,59
S0147,Brisk Wellness,Health Foods,14,3PL,466,18.32,8537.12,0.476,83,3.84,3.35,6.05,1.81,4.07,2.27,5.74,True,46.1,24.3,35.6,59.3,4.84,3.48,633.76,11.3,964.69,Watch,147
S0148,Bright Home,Personal Care,16,Self-fulfilled,5635,10.31,58096.85,0.422,114,4.3,1.04,1.53,5.17,6.53,3.82,8.73,True,63.2,48.0,71.7,49.5,5.13,3.69,8114.4,18.4,10689.82,Warm,31
S0149,Frost Kitchen,Supplements & Vitamins,42,Self-fulfilled,293,28.19,8259.67,0.493,89,4.52,0.59,1.22,4.61,2.5,2.59,3.44,True,45.5,26.6,28.9,62.4,5.03,3.62,413.13,12.0,991.16,Watch,153
S0150,Hale Home,Snacks & Confectionery,12,3PL,634,11.99,7601.66,0.317,84,4.3,3.24,8.11,3.32,1.83,2.49,2.5,True,40.5,21.2,40.1,30.4,4.81,3.46,855.9,10.4,790.57,Watch,172
S0151,Frost & Co,Personal Care,25,FBT-already,713,17.06,12163.78,0.524,86,4.24,1.77,3.15,2.57,1.38,1.1,1.25,True,0,10.4,41.8,68.0,3.69,2.66,734.39,7.1,863.63,Low,
S0152,Wilder & Co,Snacks & Confectionery,20,Self-fulfilled,165,14.35,2367.75,0.435,66,4.31,0.66,0.9,17.73,7.67,3.41,7.58,True,57.9,75.2,20.6,51.8,5.05,3.64,232.65,26.6,629.82,Warm,67
S0153,Quill Home,Beverages,31,3PL,5707,12.17,69454.19,0.34,60,3.94,89.14,121.62,10.02,2.05,3.57,6.51,False,20.3,41.6,71.9,34.5,23.71,17.07,37894.48,16.5,11459.94,Low,183
S0154,Frost Craft,Health Foods,30,Self-fulfilled,364,13.72,4994.08,0.313,47,4.29,3.15,4.52,21.6,3.69,4.09,8.62,True,56.3,73.6,32.0,29.6,5.59,4.02,571.48,26.1,1303.45,Warm,79
S0155,Tally Provisions,Household & Cleaning,9,Self-fulfilled,1416,6.71,9501.36,0.27,86,3.76,7.04,15.46,18.74,7.21,4.43,4.92,True,63.4,81.4,51.7,21.8,6.45,4.64,2562.96,28.4,2698.39,Warm,29
S0156,Grove Supply,Household & Cleaning,43,Self-fulfilled,600,16.56,9936.0,0.237,68,4.57,5.8,10.65,12.27,5.86,5.07,7.78,True,53.5,67.2,39.3,15.8,6.18,4.45,1038.0,24.2,2404.51,Warm,97
S0157,Bramble Goods,Beverages,43,3PL,581,15.48,8993.88,0.215,57,4.67,6.95,11.1,7.25,1.65,3.85,7.31,True,41.7,36.2,38.8,11.8,5.63,4.05,917.98,14.8,1331.09,Watch,170
S0158,Quill & Co,Health Foods,5,Self-fulfilled,1654,12.24,20244.96,0.489,59,4.19,4.96,8.92,21.92,8.32,5.11,3.41,True,76.9,95.4,54.0,61.6,5.99,4.31,2778.72,30,6073.49,Hot,2
S0159,Kova Craft,Supplements & Vitamins,26,Self-fulfilled,93,19.13,1779.09,0.549,42,4.54,1.18,2.13,4.73,2.21,2.9,1.62,True,42.9,27.6,12.3,72.5,5.16,3.72,133.92,12.3,218.83,Watch,163
S0160,Brisk Wellness,Household & Cleaning,46,Self-fulfilled,231,7.45,1720.95,0.375,91,3.77,1.31,2.91,4.95,3.85,5.11,2.1,True,46.8,45.8,25.5,40.9,5.19,3.74,334.95,17.7,304.61,Watch,144
S0161,Grove Craft,Snacks & Confectionery,12,Self-fulfilled,944,9.13,8618.72,0.35,30,4.42,0.78,1.39,16.04,7.95,2.49,1.8,True,59.7,67.6,45.8,36.4,5.07,3.65,1340.48,24.3,2094.35,Warm,44
S0162,Selkie Home,Beverages,27,Self-fulfilled,436,11.47,5000.92,0.283,34,4.32,8.0,18.32,16.12,7.86,4.37,3.41,True,57.5,77.9,34.6,24.2,6.66,4.8,810.96,27.4,1370.25,Warm,70
S0163,Frost Wellness,Household & Cleaning,15,3PL,526,16.77,8821.02,0.392,66,4.1,2.54,3.3,10.83,1.06,2.67,3.53,True,47.2,35.0,37.4,44.0,4.66,3.36,683.8,14.5,1279.05,Watch,142
S0164,Selkie Kitchen,Personal Care,26,3PL,282,29.73,8383.86,0.416,78,3.69,0.8,1.0,2.13,4.95,3.02,6.03,True,44.4,32.1,28.3,48.4,4.28,3.08,338.4,13.6,1140.2,Watch,158
S0165,Quill Kitchen,Household & Cleaning,30,3PL,182,13.39,2436.98,0.27,42,3.7,7.43,10.53,4.93,3.93,3.63,6.2,True,39.2,37.8,22.0,21.8,5.73,4.13,291.2,15.3,372.86,Watch,176
S0166,Kova Supply,Health Foods,47,Self-fulfilled,1843,14.4,26539.2,0.503,17,4.19,3.2,5.23,17.09,7.05,2.59,6.66,True,68.0,67.3,55.5,64.2,5.6,4.03,2893.51,24.2,6422.49,Warm,14
S0167,Bright Labs,Health Foods,34,FBT-already,865,22.97,19869.05,0.337,19,4.57,4.42,9.84,0.62,2.28,1.4,4.43,True,0,11.1,44.6,34.0,4.27,3.07,1038.0,7.3,1450.44,Low,
S0168,Kova Supply,Household & Cleaning,48,FBT-already,1086,12.13,13173.18,0.23,112,4.34,3.45,4.64,1.85,1.89,1.27,5.07,True,0,11.6,47.9,14.5,4.06,2.92,1238.04,7.5,987.99,Low,
S0169,Bright Botanics,Beverages,5,Self-fulfilled,594,21.04,12497.76,0.317,73,4.64,9.14,13.84,7.72,8.37,3.26,7.61,True,52.5,56.2,39.1,30.4,6.91,4.98,1146.42,20.9,2612.03,Warm,109
S0170,Hale Foods,Household & Cleaning,35,3PL,302,12.19,3681.38,0.228,54,3.69,4.15,9.89,4.94,3.77,1.82,2.61,True,36.2,27.2,29.3,14.2,5.01,3.61,422.8,12.2,449.13,Watch,180
S0171,Marram Supply,Household & Cleaning,42,Self-fulfilled,1622,15.55,25222.1,0.247,55,3.63,4.7,10.2,3.18,4.01,4.7,4.01,True,48.8,40.4,53.7,17.6,5.93,4.27,2692.52,16.1,4060.76,Watch,134
S0172,Bramble Supply,Health Foods,9,Self-fulfilled,2658,27.3,72563.4,0.514,21,4.53,0.83,2.07,20.05,5.4,4.51,3.98,True,74.0,78.5,60.8,66.2,5.08,3.66,3774.36,27.6,20027.5,Hot,3
S0173,Kova Drinks,Health Foods,9,3PL,1042,20.65,21517.3,0.314,87,4.85,1.49,2.33,4.81,5.0,3.48,6.88,True,49.2,40.3,47.3,29.8,4.43,3.19,1292.08,16.1,3464.29,Watch,132
S0174,Marlow Supply,Supplements & Vitamins,17,Self-fulfilled,91,32.13,2923.83,0.489,24,4.18,0.61,0.84,9.81,7.28,3.69,4.71,True,51.7,59.3,12.0,61.6,5.03,3.62,128.31,21.8,637.39,Warm,117
S0175,Kova Labs,Beverages,46,Self-fulfilled,1630,11.01,17946.3,0.317,21,3.72,4.48,8.6,15.87,3.45,5.47,1.25,True,61.3,68.8,53.7,30.4,5.89,4.24,2689.5,24.6,4414.79,Warm,39
S0176,Marlow Wellness,Personal Care,38,Self-fulfilled,545,11.94,6507.3,0.403,109,4.62,0.71,1.05,10.61,6.65,5.29,1.67,True,59.3,67.7,37.9,46.0,5.06,3.64,773.9,24.3,1581.27,Warm,48
S0177,Loom Collective,Household & Cleaning,7,Self-fulfilled,664,16.86,11195.04,0.369,45,3.76,65.63,118.56,16.76,5.22,3.46,4.41,False,20.3,65.3,40.7,39.8,19.34,13.92,3598.88,23.6,2642.03,Low,184
S0178,Fenn Collective,Supplements & Vitamins,14,Self-fulfilled,666,33.04,22004.64,0.604,85,3.98,0.74,1.46,4.16,3.6,2.65,2.6,True,54.1,29.7,40.8,82.5,5.06,3.64,945.72,12.9,2838.6,Warm,94
S0179,Brisk Craft,Household & Cleaning,37,3PL,455,11.82,5378.1,0.384,67,4.02,19.76,24.52,10.01,2.4,3.74,4.77,True,49.4,43.7,35.3,42.5,8.45,6.08,1078.35,17.1,919.66,Watch,130
S0180,Quill Drinks,Supplements & Vitamins,17,FBT-already,121,22.26,2693.46,0.654,120,4.56,1.19,3.01,1.85,2.46,1.47,8.48,True,0,14.6,16.1,91.6,3.56,2.56,121.0,8.4,226.25,Low,
S0181,Orla Botanics,Snacks & Confectionery,40,Self-fulfilled,1304,14.69,19155.76,0.421,48,4.83,2.1,4.18,6.58,8.91,5.11,4.94,True,63.1,66.0,50.5,49.3,5.36,3.86,1956.0,23.8,4559.07,Warm,33
S0182,Orla Goods,Supplements & Vitamins,5,Self-fulfilled,433,30.32,13128.56,0.45,120,4.4,1.25,2.1,6.37,7.52,5.07,1.48,True,57.5,60.7,34.5,54.5,5.18,3.73,627.85,22.2,2914.54,Warm,71
S0183,Selkie Home,Snacks & Confectionery,12,3PL,2287,19.25,44024.75,0.359,15,4.04,1.33,3.41,9.19,3.18,3.33,4.9,True,55.0,42.3,58.6,38.0,4.39,3.16,2813.01,16.7,7352.13,Warm,88
S0184,Orla Home,Supplements & Vitamins,38,3PL,259,19.44,5034.96,0.527,91,3.98,0.43,0.52,8.87,3.86,3.84,7.17,True,53.2,46.8,27.1,68.5,4.19,3.02,303.03,18.0,906.29,Warm,99
S0185,Pure Labs,Household & Cleaning,41,Self-fulfilled,2507,13.68,34295.76,0.239,66,3.78,6.17,15.89,6.19,8.14,2.49,6.67,True,53.1,48.1,60.0,16.2,6.26,4.51,4387.25,18.4,6310.42,Warm,101
S0186,Bramble Collective,Health Foods,24,Self-fulfilled,453,11.22,5082.66,0.356,16,4.54,0.62,1.12,10.97,2.75,3.57,8.05,True,49.1,45.9,35.2,37.5,5.04,3.63,638.73,17.8,904.71,Watch,133
S0187,Piper Kitchen,Supplements & Vitamins,9,3PL,2114,37.51,79296.14,0.506,60,3.7,1.3,2.1,4.85,5.76,1.98,2.36,True,57.3,34.6,57.5,64.7,4.39,3.16,2600.22,14.4,11418.64,Warm,72
S0188,Orla Home,Personal Care,7,3PL,1070,19.14,20479.8,0.407,86,3.81,2.25,3.19,2.56,2.03,2.26,6.58,True,45.3,19.0,47.6,46.7,4.59,3.3,1380.3,9.7,1986.54,Watch,154
S0189,Bramble Wellness,Health Foods,19,3PL,520,17.07,8876.4,0.421,65,3.8,2.06,3.71,4.59,4.31,3.24,2.6,True,48.7,36.2,37.2,49.3,4.55,3.28,660.4,14.9,1322.58,Watch,135
S0190,Fenn Labs,Beverages,43,Self-fulfilled,449,14.85,6667.65,0.286,14,4.43,5.88,10.2,6.55,1.83,3.65,3.11,True,42.4,34.2,35.1,24.7,6.19,4.46,776.77,14.3,953.47,Watch,166
S0191,Selkie & Co,Supplements & Vitamins,12,3PL,975,24.66,24043.5,0.585,99,4.37,0.92,2.19,10.09,3.09,3.09,7.94,True,59.6,42.5,46.3,79.1,4.3,3.1,1170.0,16.8,4039.31,Warm,46
S0192,Selkie Collective,Personal Care,18,Self-fulfilled,1428,27.91,39855.48,0.576,89,4.88,0.54,1.37,11.53,8.62,2.75,2.7,True,67.8,62.0,51.8,77.5,5.02,3.61,2013.48,22.6,9007.34,Warm,15
S0193,Vale & Co,Snacks & Confectionery,30,Self-fulfilled,1047,17.69,18521.43,0.31,79,3.94,3.21,7.96,4.27,4.41,3.51,3.61,True,48.1,37.4,47.3,29.1,5.61,4.04,1643.79,15.2,2815.26,Watch,138
S0194,Ember Goods,Supplements & Vitamins,3,3PL,1094,27.01,29548.94,0.554,21,4.34,0.96,2.45,2.55,1.53,3.67,7.29,True,52.9,25.1,48.0,73.5,4.31,3.1,1323.74,11.5,3398.13,Warm,105
S0195,Hale Collective,Household & Cleaning,29,Self-fulfilled,1284,11.68,14997.12,0.251,54,3.79,5.18,6.5,19.9,3.99,2.98,6.97,True,56.5,65.0,50.3,18.4,6.04,4.35,2169.96,23.5,3524.32,Warm,77
S0196,Hale & Co,Supplements & Vitamins,24,3PL,481,29.24,14064.44,0.624,15,4.86,0.5,0.81,9.31,4.87,2.57,6.83,True,58.5,44.0,36.1,86.2,4.21,3.03,567.58,17.2,2419.08,Warm,61
S0197,Grove Foods,Household & Cleaning,15,Self-fulfilled,2157,11.81,25474.17,0.313,50,4.67,26.61,50.81,5.58,7.88,5.1,1.23,False,20.8,60.5,57.8,29.6,10.75,7.74,6492.57,22.1,5629.79,Low,182
S0198,Fenn Provisions,Snacks & Confectionery,6,Self-fulfilled,323,16.16,5219.68,0.335,108,4.2,1.57,3.91,15.94,3.31,3.81,4.57,True,51.6,59.2,30.3,33.6,5.25,3.78,474.81,21.8,1137.89,Warm,118
S0199,Selkie Wellness,Personal Care,25,Self-fulfilled,1485,26.45,39278.25,0.42,6,4.1,0.57,1.14,21.33,7.93,4.34,6.42,True,71.6,88.6,52.4,49.1,5.03,3.62,2093.85,30,11783.47,Hot,6
S0200,Grove Kitchen,Supplements & Vitamins,35,Self-fulfilled,4731,14.28,67558.68,0.678,85,3.83,1.24,1.88,14.56,8.57,4.55,6.67,True,82.3,78.1,69.2,96.0,5.17,3.72,6859.95,27.4,18511.08,Hot,1
S0201,Clove Collective,Supplements & Vitamins,27,FBT-already,677,23.37,15821.49,0.58,82,4.12,0.33,0.63,2.09,2.16,1.45,6.18,True,0,14.0,41.0,78.2,3.37,2.43,636.38,8.2,1297.36,Low,
S0202,Wilder Supply,Household & Cleaning,46,Self-fulfilled,3523,9.13,32164.99,0.348,117,4.45,2.16,3.32,4.08,7.93,4.87,4.23,True,61.4,56.3,64.9,36.0,5.38,3.87,5319.73,20.9,6722.48,Warm,38
S0203,Tally Labs,Supplements & Vitamins,4,3PL,598,15.09,9023.82,0.627,76,4.66,0.65,1.43,8.71,4.19,2.94,8.53,True,59.0,42.6,39.2,86.7,4.24,3.05,711.62,16.8,1516.0,Warm,53
S0204,Ember Supply,Supplements & Vitamins,13,3PL,1495,17.03,25459.85,0.482,36,4.54,0.93,2.3,11.44,5.5,3.37,2.78,True,62.0,54.9,52.5,60.4,4.3,3.1,1794.0,20.5,5219.27,Warm,37
S0205,Bramble Provisions,Snacks & Confectionery,22,Self-fulfilled,1901,14.61,27773.61,0.373,18,4.21,3.07,6.19,20.94,2.03,5.14,5.0,True,65.3,72.6,56.0,40.5,5.58,4.02,2965.56,25.8,7165.59,Warm,23
S0206,Dusk Wellness,Health Foods,22,Self-fulfilled,1442,27.86,40174.12,0.375,75,4.76,4.94,6.92,19.39,2.85,2.47,3.66,True,58.8,57.3,52.0,40.9,5.99,4.31,2422.56,21.2,8516.91,Warm,58
S0207,Nova Craft,Snacks & Confectionery,6,Self-fulfilled,169,9.19,1553.11,0.433,65,4.62,2.8,3.87,11.24,4.72,3.62,4.82,True,50.2,53.3,20.9,51.5,5.52,3.97,261.95,20.0,310.62,Warm,127
S0208,Pure Wellness,Beverages,15,3PL,1712,8.25,14124.0,0.181,96,3.92,8.94,12.34,5.53,3.94,2.2,7.59,True,43.4,31.1,54.5,5.6,6.07,4.37,2910.4,13.3,1878.49,Watch,161
S0209,Wilder Goods,Supplements & Vitamins,36,3PL,78,44.86,3499.08,0.536,118,4.24,1.18,1.69,11.02,5.06,1.85,2.79,True,47.4,44.1,9.7,70.2,4.36,3.14,95.16,17.2,601.84,Watch,141
S0210,Fenn Home,Snacks & Confectionery,4,3PL,328,15.46,5070.88,0.287,115,4.43,2.77,5.74,7.74,1.24,2.06,7.69,True,38.2,25.9,30.5,24.9,4.71,3.39,432.96,11.8,598.36,Watch,178
S0211,Halcyon Foods,Beverages,29,Self-fulfilled,337,17.83,6008.71,0.213,90,4.42,5.01,10.66,8.13,6.04,2.65,7.65,True,42.6,45.9,30.9,11.5,6.0,4.32,566.16,17.8,1069.55,Watch,164
S0212,Ember Home,Beverages,42,Self-fulfilled,410,11.68,4788.8,0.264,28,4.07,42.5,105.17,16.08,5.1,2.97,1.1,False,17.7,60.8,33.8,20.7,14.25,10.26,1635.9,22.3,1067.9,Low,190
S0213,Nimbus Provisions,Beverages,39,3PL,784,9.42,7385.28,0.221,32,4.19,11.77,14.95,10.04,5.37,3.85,3.88,True,49.5,54.3,43.1,12.9,6.69,4.82,1466.08,20.3,1499.21,Watch,128
S0214,Nova Kitchen,Health Foods,10,Self-fulfilled,3693,13.07,48267.51,0.379,59,4.84,1.63,3.63,10.08,4.07,2.58,4.2,True,58.0,43.0,65.6,41.6,5.26,3.79,5428.71,16.9,8157.21,Warm,66
S0215,Loom Provisions,Personal Care,27,3PL,693,27.61,19133.73,0.437,19,4.51,0.33,0.83,3.17,3.08,3.22,7.42,True,48.0,29.1,41.4,52.2,4.17,3.0,810.81,12.7,2429.98,Watch,139
S0216,Marlow Labs,Health Foods,42,Self-fulfilled,587,22.32,13101.84,0.484,117,3.77,4.63,6.29,10.81,1.84,3.06,3.51,True,52.7,39.7,39.0,60.7,5.92,4.26,974.42,15.9,2083.19,Warm,108
S0217,Tally Wellness,Health Foods,39,3PL,2435,22.39,54519.65,0.436,58,4.46,1.54,2.59,8.6,2.92,3.81,5.47,True,58.3,42.9,59.5,52.0,4.44,3.2,3019.4,16.9,9213.82,Warm,62
S0218,Pure & Co,Household & Cleaning,44,FBT-already,747,11.95,8926.65,0.25,99,4.24,2.53,3.21,0.9,1.72,1.48,2.88,True,0,10.2,42.4,18.2,3.86,2.78,806.76,7.1,633.79,Low,
S0219,Marlow Naturals,Personal Care,39,Self-fulfilled,1989,11.49,22853.61,0.509,86,3.62,1.13,1.41,13.43,7.69,4.81,8.71,True,71.0,74.3,56.6,65.3,5.15,3.71,2864.16,26.3,6010.5,Hot,8
S0220,Wilder Collective,Health Foods,35,3PL,1140,16.14,18399.6,0.482,107,3.89,2.49,4.94,8.01,3.37,3.38,6.73,True,55.9,40.8,48.6,60.4,4.65,3.35,1482.0,16.3,2999.13,Warm,81
